RDMS,Component Instance ID,DBInstance GUID,Time,Variable,Value of variable
PostgreSQL,POSTGRESQL_work_mem_64,4f0700c6-03f7-4e47-83f7-3da63cb0f504,7120.0,work_mem,64.0
PostgreSQL,POSTGRESQL_work_mem_256,0bc024c5-8c1a-47f3-b44d-6cd294e99205,7259.0,work_mem,256.0
PostgreSQL,POSTGRESQL_work_mem_256,0bc024c5-8c1a-47f3-b44d-6cd294e99205,3365.0,work_mem,256.0
PostgreSQL,POSTGRESQL_work_mem_64,4f0700c6-03f7-4e47-83f7-3da63cb0f504,3442.0,work_mem,64.0
PostgreSQL,POSTGRESQL_work_mem_256,0bc024c5-8c1a-47f3-b44d-6cd294e99205,2658.0,work_mem,256.0
PostgreSQL,POSTGRESQL_work_mem_64,4f0700c6-03f7-4e47-83f7-3da63cb0f504,2674.0,work_mem,64.0
PostgreSQL,POSTGRESQL_work_mem_256,0bc024c5-8c1a-47f3-b44d-6cd294e99205,3300.0,work_mem,256.0
PostgreSQL,POSTGRESQL_work_mem_64,4f0700c6-03f7-4e47-83f7-3da63cb0f504,3427.0,work_mem,64.0
PostgreSQL,POSTGRESQL_work_mem_256,0bc024c5-8c1a-47f3-b44d-6cd294e99205,2358.0,work_mem,256.0
PostgreSQL,POSTGRESQL_work_mem_64,4f0700c6-03f7-4e47-83f7-3da63cb0f504,2679.0,work_mem,64.0
PostgreSQL,POSTGRESQL_work_mem_256,0bc024c5-8c1a-47f3-b44d-6cd294e99205,2146.0,work_mem,256.0
PostgreSQL,POSTGRESQL_work_mem_64,4f0700c6-03f7-4e47-83f7-3da63cb0f504,2758.0,work_mem,64.0
PostgreSQL,POSTGRESQL_work_mem_256,0bc024c5-8c1a-47f3-b44d-6cd294e99205,1946.0,work_mem,256.0
PostgreSQL,POSTGRESQL_work_mem_64,4f0700c6-03f7-4e47-83f7-3da63cb0f504,2464.0,work_mem,64.0
PostgreSQL,POSTGRESQL_work_mem_256,0bc024c5-8c1a-47f3-b44d-6cd294e99205,2218.0,work_mem,256.0
PostgreSQL,POSTGRESQL_work_mem_64,4f0700c6-03f7-4e47-83f7-3da63cb0f504,2179.0,work_mem,64.0
PostgreSQL,POSTGRESQL_work_mem_256,0bc024c5-8c1a-47f3-b44d-6cd294e99205,2151.0,work_mem,256.0
PostgreSQL,POSTGRESQL_work_mem_64,4f0700c6-03f7-4e47-83f7-3da63cb0f504,2012.0,work_mem,64.0
PostgreSQL,POSTGRESQL_work_mem_256,0bc024c5-8c1a-47f3-b44d-6cd294e99205,1261.0,work_mem,256.0
PostgreSQL,POSTGRESQL_work_mem_64,4f0700c6-03f7-4e47-83f7-3da63cb0f504,1544.0,work_mem,64.0
PostgreSQL,POSTGRESQL_work_mem_256,0bc024c5-8c1a-47f3-b44d-6cd294e99205,1877.0,work_mem,256.0
PostgreSQL,POSTGRESQL_work_mem_64,4f0700c6-03f7-4e47-83f7-3da63cb0f504,1988.0,work_mem,64.0
PostgreSQL,POSTGRESQL_work_mem_256,0bc024c5-8c1a-47f3-b44d-6cd294e99205,1538.0,work_mem,256.0
PostgreSQL,POSTGRESQL_work_mem_64,4f0700c6-03f7-4e47-83f7-3da63cb0f504,1987.0,work_mem,64.0
PostgreSQL,POSTGRESQL_work_mem_256,0bc024c5-8c1a-47f3-b44d-6cd294e99205,1826.0,work_mem,256.0
PostgreSQL,POSTGRESQL_work_mem_64,4f0700c6-03f7-4e47-83f7-3da63cb0f504,1722.0,work_mem,64.0
PostgreSQL,POSTGRESQL_work_mem_256,0bc024c5-8c1a-47f3-b44d-6cd294e99205,2000.0,work_mem,256.0
PostgreSQL,POSTGRESQL_work_mem_64,4f0700c6-03f7-4e47-83f7-3da63cb0f504,1821.0,work_mem,64.0
PostgreSQL,POSTGRESQL_work_mem_256,0bc024c5-8c1a-47f3-b44d-6cd294e99205,1677.0,work_mem,256.0
PostgreSQL,POSTGRESQL_work_mem_64,4f0700c6-03f7-4e47-83f7-3da63cb0f504,1514.0,work_mem,64.0
PostgreSQL,POSTGRESQL_work_mem_256,0bc024c5-8c1a-47f3-b44d-6cd294e99205,1652.0,work_mem,256.0
PostgreSQL,POSTGRESQL_work_mem_64,4f0700c6-03f7-4e47-83f7-3da63cb0f504,1793.0,work_mem,64.0
PostgreSQL,POSTGRESQL_work_mem_256,0bc024c5-8c1a-47f3-b44d-6cd294e99205,1265.0,work_mem,256.0
PostgreSQL,POSTGRESQL_work_mem_64,4f0700c6-03f7-4e47-83f7-3da63cb0f504,1807.0,work_mem,64.0
PostgreSQL,POSTGRESQL_work_mem_256,0bc024c5-8c1a-47f3-b44d-6cd294e99205,1488.0,work_mem,256.0
PostgreSQL,POSTGRESQL_work_mem_64,4f0700c6-03f7-4e47-83f7-3da63cb0f504,1712.0,work_mem,64.0
PostgreSQL,POSTGRESQL_work_mem_256,0bc024c5-8c1a-47f3-b44d-6cd294e99205,2126.0,work_mem,256.0
PostgreSQL,POSTGRESQL_work_mem_64,4f0700c6-03f7-4e47-83f7-3da63cb0f504,1706.0,work_mem,64.0
PostgreSQL,POSTGRESQL_work_mem_256,0bc024c5-8c1a-47f3-b44d-6cd294e99205,1848.0,work_mem,256.0
PostgreSQL,POSTGRESQL_work_mem_64,4f0700c6-03f7-4e47-83f7-3da63cb0f504,2723.0,work_mem,64.0
PostgreSQL,POSTGRESQL_work_mem_1024,7105b2a7-2850-4f93-b2f9-dcba882ec170,1566.0,work_mem,1024.0
PostgreSQL,POSTGRESQL_work_mem_1024,7105b2a7-2850-4f93-b2f9-dcba882ec170,1913.0,work_mem,1024.0
PostgreSQL,POSTGRESQL_work_mem_4096,d2c6b2de-ae85-4f5f-ac72-bfb07f3623e1,1806.0,work_mem,4096.0
PostgreSQL,POSTGRESQL_work_mem_1024,7105b2a7-2850-4f93-b2f9-dcba882ec170,1761.0,work_mem,1024.0
PostgreSQL,POSTGRESQL_work_mem_4096,d2c6b2de-ae85-4f5f-ac72-bfb07f3623e1,1482.0,work_mem,4096.0
PostgreSQL,POSTGRESQL_work_mem_1024,7105b2a7-2850-4f93-b2f9-dcba882ec170,2175.0,work_mem,1024.0
PostgreSQL,POSTGRESQL_work_mem_4096,d2c6b2de-ae85-4f5f-ac72-bfb07f3623e1,1727.0,work_mem,4096.0
PostgreSQL,POSTGRESQL_work_mem_1024,7105b2a7-2850-4f93-b2f9-dcba882ec170,1411.0,work_mem,1024.0
PostgreSQL,POSTGRESQL_work_mem_4096,d2c6b2de-ae85-4f5f-ac72-bfb07f3623e1,1636.0,work_mem,4096.0
PostgreSQL,POSTGRESQL_work_mem_1024,7105b2a7-2850-4f93-b2f9-dcba882ec170,1568.0,work_mem,1024.0
PostgreSQL,POSTGRESQL_work_mem_4096,d2c6b2de-ae85-4f5f-ac72-bfb07f3623e1,1840.0,work_mem,4096.0
PostgreSQL,POSTGRESQL_work_mem_1024,7105b2a7-2850-4f93-b2f9-dcba882ec170,1423.0,work_mem,1024.0
PostgreSQL,POSTGRESQL_work_mem_4096,d2c6b2de-ae85-4f5f-ac72-bfb07f3623e1,1819.0,work_mem,4096.0
PostgreSQL,POSTGRESQL_work_mem_1024,7105b2a7-2850-4f93-b2f9-dcba882ec170,1528.0,work_mem,1024.0
PostgreSQL,POSTGRESQL_work_mem_4096,d2c6b2de-ae85-4f5f-ac72-bfb07f3623e1,1524.0,work_mem,4096.0
PostgreSQL,POSTGRESQL_work_mem_1024,7105b2a7-2850-4f93-b2f9-dcba882ec170,1971.0,work_mem,1024.0
PostgreSQL,POSTGRESQL_work_mem_4096,d2c6b2de-ae85-4f5f-ac72-bfb07f3623e1,1427.0,work_mem,4096.0
PostgreSQL,POSTGRESQL_work_mem_1024,7105b2a7-2850-4f93-b2f9-dcba882ec170,1720.0,work_mem,1024.0
PostgreSQL,POSTGRESQL_work_mem_4096,d2c6b2de-ae85-4f5f-ac72-bfb07f3623e1,1695.0,work_mem,4096.0
PostgreSQL,POSTGRESQL_work_mem_1024,7105b2a7-2850-4f93-b2f9-dcba882ec170,1721.0,work_mem,1024.0
PostgreSQL,POSTGRESQL_work_mem_4096,d2c6b2de-ae85-4f5f-ac72-bfb07f3623e1,2078.0,work_mem,4096.0
PostgreSQL,POSTGRESQL_work_mem_1024,7105b2a7-2850-4f93-b2f9-dcba882ec170,1386.0,work_mem,1024.0
PostgreSQL,POSTGRESQL_work_mem_4096,d2c6b2de-ae85-4f5f-ac72-bfb07f3623e1,1422.0,work_mem,4096.0
PostgreSQL,POSTGRESQL_work_mem_1024,7105b2a7-2850-4f93-b2f9-dcba882ec170,1303.0,work_mem,1024.0
PostgreSQL,POSTGRESQL_work_mem_4096,d2c6b2de-ae85-4f5f-ac72-bfb07f3623e1,2069.0,work_mem,4096.0
PostgreSQL,POSTGRESQL_work_mem_1024,7105b2a7-2850-4f93-b2f9-dcba882ec170,1433.0,work_mem,1024.0
PostgreSQL,POSTGRESQL_work_mem_4096,d2c6b2de-ae85-4f5f-ac72-bfb07f3623e1,1526.0,work_mem,4096.0
PostgreSQL,POSTGRESQL_work_mem_1024,7105b2a7-2850-4f93-b2f9-dcba882ec170,1797.0,work_mem,1024.0
PostgreSQL,POSTGRESQL_work_mem_4096,d2c6b2de-ae85-4f5f-ac72-bfb07f3623e1,1389.0,work_mem,4096.0
PostgreSQL,POSTGRESQL_work_mem_1024,7105b2a7-2850-4f93-b2f9-dcba882ec170,1942.0,work_mem,1024.0
PostgreSQL,POSTGRESQL_work_mem_4096,d2c6b2de-ae85-4f5f-ac72-bfb07f3623e1,1526.0,work_mem,4096.0
PostgreSQL,POSTGRESQL_work_mem_1024,7105b2a7-2850-4f93-b2f9-dcba882ec170,2617.0,work_mem,1024.0
PostgreSQL,POSTGRESQL_work_mem_4096,d2c6b2de-ae85-4f5f-ac72-bfb07f3623e1,2645.0,work_mem,4096.0
PostgreSQL,POSTGRESQL_work_mem_1024,7105b2a7-2850-4f93-b2f9-dcba882ec170,1777.0,work_mem,1024.0
PostgreSQL,POSTGRESQL_work_mem_4096,d2c6b2de-ae85-4f5f-ac72-bfb07f3623e1,2064.0,work_mem,4096.0
PostgreSQL,POSTGRESQL_work_mem_1024,7105b2a7-2850-4f93-b2f9-dcba882ec170,1230.0,work_mem,1024.0
PostgreSQL,POSTGRESQL_work_mem_4096,d2c6b2de-ae85-4f5f-ac72-bfb07f3623e1,4835.0,work_mem,4096.0
PostgreSQL,POSTGRESQL_work_mem_1024,7105b2a7-2850-4f93-b2f9-dcba882ec170,2369.0,work_mem,1024.0
PostgreSQL,POSTGRESQL_work_mem_4096,d2c6b2de-ae85-4f5f-ac72-bfb07f3623e1,2224.0,work_mem,4096.0
PostgreSQL,POSTGRESQL_work_mem_4096,d2c6b2de-ae85-4f5f-ac72-bfb07f3623e1,1851.0,work_mem,4096.0
PostgreSQL,POSTGRESQL_work_mem_16384,3170d5b5-5579-4d70-a56e-6eb86b25228b,1884.0,work_mem,16384.0
PostgreSQL,POSTGRESQL_work_mem_16384,3170d5b5-5579-4d70-a56e-6eb86b25228b,2051.0,work_mem,16384.0
PostgreSQL,POSTGRESQL_work_mem_65536,9136697f-7048-46df-8d59-0e92b70c3576,2611.0,work_mem,65536.0
PostgreSQL,POSTGRESQL_work_mem_16384,3170d5b5-5579-4d70-a56e-6eb86b25228b,3471.0,work_mem,16384.0
PostgreSQL,POSTGRESQL_work_mem_65536,9136697f-7048-46df-8d59-0e92b70c3576,2239.0,work_mem,65536.0
PostgreSQL,POSTGRESQL_work_mem_16384,3170d5b5-5579-4d70-a56e-6eb86b25228b,2176.0,work_mem,16384.0
PostgreSQL,POSTGRESQL_work_mem_65536,9136697f-7048-46df-8d59-0e92b70c3576,2514.0,work_mem,65536.0
PostgreSQL,POSTGRESQL_work_mem_16384,3170d5b5-5579-4d70-a56e-6eb86b25228b,2662.0,work_mem,16384.0
PostgreSQL,POSTGRESQL_work_mem_65536,9136697f-7048-46df-8d59-0e92b70c3576,2141.0,work_mem,65536.0
PostgreSQL,POSTGRESQL_work_mem_16384,3170d5b5-5579-4d70-a56e-6eb86b25228b,2274.0,work_mem,16384.0
PostgreSQL,POSTGRESQL_work_mem_65536,9136697f-7048-46df-8d59-0e92b70c3576,1717.0,work_mem,65536.0
PostgreSQL,POSTGRESQL_work_mem_16384,3170d5b5-5579-4d70-a56e-6eb86b25228b,1622.0,work_mem,16384.0
PostgreSQL,POSTGRESQL_work_mem_65536,9136697f-7048-46df-8d59-0e92b70c3576,1951.0,work_mem,65536.0
PostgreSQL,POSTGRESQL_work_mem_16384,3170d5b5-5579-4d70-a56e-6eb86b25228b,1825.0,work_mem,16384.0
PostgreSQL,POSTGRESQL_work_mem_65536,9136697f-7048-46df-8d59-0e92b70c3576,1762.0,work_mem,65536.0
PostgreSQL,POSTGRESQL_work_mem_16384,3170d5b5-5579-4d70-a56e-6eb86b25228b,2023.0,work_mem,16384.0
PostgreSQL,POSTGRESQL_work_mem_65536,9136697f-7048-46df-8d59-0e92b70c3576,2011.0,work_mem,65536.0
PostgreSQL,POSTGRESQL_work_mem_16384,3170d5b5-5579-4d70-a56e-6eb86b25228b,3419.0,work_mem,16384.0
PostgreSQL,POSTGRESQL_work_mem_65536,9136697f-7048-46df-8d59-0e92b70c3576,2230.0,work_mem,65536.0
PostgreSQL,POSTGRESQL_work_mem_16384,3170d5b5-5579-4d70-a56e-6eb86b25228b,2114.0,work_mem,16384.0
PostgreSQL,POSTGRESQL_work_mem_65536,9136697f-7048-46df-8d59-0e92b70c3576,1711.0,work_mem,65536.0
PostgreSQL,POSTGRESQL_work_mem_16384,3170d5b5-5579-4d70-a56e-6eb86b25228b,1340.0,work_mem,16384.0
PostgreSQL,POSTGRESQL_work_mem_65536,9136697f-7048-46df-8d59-0e92b70c3576,1862.0,work_mem,65536.0
PostgreSQL,POSTGRESQL_work_mem_16384,3170d5b5-5579-4d70-a56e-6eb86b25228b,1530.0,work_mem,16384.0
PostgreSQL,POSTGRESQL_work_mem_65536,9136697f-7048-46df-8d59-0e92b70c3576,1564.0,work_mem,65536.0
PostgreSQL,POSTGRESQL_work_mem_16384,3170d5b5-5579-4d70-a56e-6eb86b25228b,2087.0,work_mem,16384.0
PostgreSQL,POSTGRESQL_work_mem_65536,9136697f-7048-46df-8d59-0e92b70c3576,1712.0,work_mem,65536.0
PostgreSQL,POSTGRESQL_work_mem_16384,3170d5b5-5579-4d70-a56e-6eb86b25228b,1653.0,work_mem,16384.0
PostgreSQL,POSTGRESQL_work_mem_65536,9136697f-7048-46df-8d59-0e92b70c3576,1489.0,work_mem,65536.0
PostgreSQL,POSTGRESQL_work_mem_16384,3170d5b5-5579-4d70-a56e-6eb86b25228b,1826.0,work_mem,16384.0
PostgreSQL,POSTGRESQL_work_mem_65536,9136697f-7048-46df-8d59-0e92b70c3576,2585.0,work_mem,65536.0
PostgreSQL,POSTGRESQL_work_mem_16384,3170d5b5-5579-4d70-a56e-6eb86b25228b,1842.0,work_mem,16384.0
PostgreSQL,POSTGRESQL_work_mem_65536,9136697f-7048-46df-8d59-0e92b70c3576,2514.0,work_mem,65536.0
PostgreSQL,POSTGRESQL_work_mem_16384,3170d5b5-5579-4d70-a56e-6eb86b25228b,2216.0,work_mem,16384.0
PostgreSQL,POSTGRESQL_work_mem_65536,9136697f-7048-46df-8d59-0e92b70c3576,1690.0,work_mem,65536.0
PostgreSQL,POSTGRESQL_work_mem_16384,3170d5b5-5579-4d70-a56e-6eb86b25228b,1747.0,work_mem,16384.0
PostgreSQL,POSTGRESQL_work_mem_65536,9136697f-7048-46df-8d59-0e92b70c3576,1633.0,work_mem,65536.0
PostgreSQL,POSTGRESQL_work_mem_16384,3170d5b5-5579-4d70-a56e-6eb86b25228b,1982.0,work_mem,16384.0
PostgreSQL,POSTGRESQL_work_mem_65536,9136697f-7048-46df-8d59-0e92b70c3576,2818.0,work_mem,65536.0
PostgreSQL,POSTGRESQL_work_mem_65536,9136697f-7048-46df-8d59-0e92b70c3576,2534.0,work_mem,65536.0
PostgreSQL,POSTGRESQL_work_mem_262144,f967c607-918d-4d79-9975-d59db6159acf,2805.0,work_mem,262144.0
PostgreSQL,POSTGRESQL_work_mem_262144,f967c607-918d-4d79-9975-d59db6159acf,2684.0,work_mem,262144.0
PostgreSQL,POSTGRESQL_shared_buffers_64,7794c4b0-673a-482a-96f1-9cadc12b63a8,1804.0,shared_buffers,64.0
PostgreSQL,POSTGRESQL_work_mem_262144,f967c607-918d-4d79-9975-d59db6159acf,2223.0,work_mem,262144.0
PostgreSQL,POSTGRESQL_shared_buffers_64,7794c4b0-673a-482a-96f1-9cadc12b63a8,2034.0,shared_buffers,64.0
PostgreSQL,POSTGRESQL_work_mem_262144,f967c607-918d-4d79-9975-d59db6159acf,1550.0,work_mem,262144.0
PostgreSQL,POSTGRESQL_shared_buffers_64,7794c4b0-673a-482a-96f1-9cadc12b63a8,1432.0,shared_buffers,64.0
PostgreSQL,POSTGRESQL_work_mem_262144,f967c607-918d-4d79-9975-d59db6159acf,1351.0,work_mem,262144.0
PostgreSQL,POSTGRESQL_shared_buffers_64,7794c4b0-673a-482a-96f1-9cadc12b63a8,1758.0,shared_buffers,64.0
PostgreSQL,POSTGRESQL_work_mem_262144,f967c607-918d-4d79-9975-d59db6159acf,1296.0,work_mem,262144.0
PostgreSQL,POSTGRESQL_shared_buffers_64,7794c4b0-673a-482a-96f1-9cadc12b63a8,2054.0,shared_buffers,64.0
PostgreSQL,POSTGRESQL_work_mem_262144,f967c607-918d-4d79-9975-d59db6159acf,1450.0,work_mem,262144.0
PostgreSQL,POSTGRESQL_shared_buffers_64,7794c4b0-673a-482a-96f1-9cadc12b63a8,1463.0,shared_buffers,64.0
PostgreSQL,POSTGRESQL_work_mem_262144,f967c607-918d-4d79-9975-d59db6159acf,1733.0,work_mem,262144.0
PostgreSQL,POSTGRESQL_shared_buffers_64,7794c4b0-673a-482a-96f1-9cadc12b63a8,2445.0,shared_buffers,64.0
PostgreSQL,POSTGRESQL_work_mem_262144,f967c607-918d-4d79-9975-d59db6159acf,2733.0,work_mem,262144.0
PostgreSQL,POSTGRESQL_shared_buffers_64,7794c4b0-673a-482a-96f1-9cadc12b63a8,2986.0,shared_buffers,64.0
PostgreSQL,POSTGRESQL_work_mem_262144,f967c607-918d-4d79-9975-d59db6159acf,2555.0,work_mem,262144.0
PostgreSQL,POSTGRESQL_shared_buffers_64,7794c4b0-673a-482a-96f1-9cadc12b63a8,2374.0,shared_buffers,64.0
PostgreSQL,POSTGRESQL_work_mem_262144,f967c607-918d-4d79-9975-d59db6159acf,2528.0,work_mem,262144.0
PostgreSQL,POSTGRESQL_shared_buffers_64,7794c4b0-673a-482a-96f1-9cadc12b63a8,2439.0,shared_buffers,64.0
PostgreSQL,POSTGRESQL_work_mem_262144,f967c607-918d-4d79-9975-d59db6159acf,2261.0,work_mem,262144.0
PostgreSQL,POSTGRESQL_shared_buffers_64,7794c4b0-673a-482a-96f1-9cadc12b63a8,1907.0,shared_buffers,64.0
PostgreSQL,POSTGRESQL_work_mem_262144,f967c607-918d-4d79-9975-d59db6159acf,1357.0,work_mem,262144.0
PostgreSQL,POSTGRESQL_shared_buffers_64,7794c4b0-673a-482a-96f1-9cadc12b63a8,1698.0,shared_buffers,64.0
PostgreSQL,POSTGRESQL_work_mem_262144,f967c607-918d-4d79-9975-d59db6159acf,1801.0,work_mem,262144.0
PostgreSQL,POSTGRESQL_shared_buffers_64,7794c4b0-673a-482a-96f1-9cadc12b63a8,1584.0,shared_buffers,64.0
PostgreSQL,POSTGRESQL_work_mem_262144,f967c607-918d-4d79-9975-d59db6159acf,4192.0,work_mem,262144.0
PostgreSQL,POSTGRESQL_shared_buffers_64,7794c4b0-673a-482a-96f1-9cadc12b63a8,2546.0,shared_buffers,64.0
PostgreSQL,POSTGRESQL_work_mem_262144,f967c607-918d-4d79-9975-d59db6159acf,1570.0,work_mem,262144.0
PostgreSQL,POSTGRESQL_shared_buffers_64,7794c4b0-673a-482a-96f1-9cadc12b63a8,1608.0,shared_buffers,64.0
PostgreSQL,POSTGRESQL_work_mem_262144,f967c607-918d-4d79-9975-d59db6159acf,2115.0,work_mem,262144.0
PostgreSQL,POSTGRESQL_shared_buffers_64,7794c4b0-673a-482a-96f1-9cadc12b63a8,1910.0,shared_buffers,64.0
PostgreSQL,POSTGRESQL_work_mem_262144,f967c607-918d-4d79-9975-d59db6159acf,2055.0,work_mem,262144.0
PostgreSQL,POSTGRESQL_shared_buffers_64,7794c4b0-673a-482a-96f1-9cadc12b63a8,2856.0,shared_buffers,64.0
PostgreSQL,POSTGRESQL_work_mem_262144,f967c607-918d-4d79-9975-d59db6159acf,1591.0,work_mem,262144.0
PostgreSQL,POSTGRESQL_shared_buffers_64,7794c4b0-673a-482a-96f1-9cadc12b63a8,1758.0,shared_buffers,64.0
PostgreSQL,POSTGRESQL_work_mem_262144,f967c607-918d-4d79-9975-d59db6159acf,1618.0,work_mem,262144.0
PostgreSQL,POSTGRESQL_shared_buffers_64,7794c4b0-673a-482a-96f1-9cadc12b63a8,3095.0,shared_buffers,64.0
PostgreSQL,POSTGRESQL_shared_buffers_64,7794c4b0-673a-482a-96f1-9cadc12b63a8,2599.0,shared_buffers,64.0
PostgreSQL,POSTGRESQL_shared_buffers_256,8e98ef40-505d-468e-b55a-1bf23db536e0,1867.0,shared_buffers,256.0
PostgreSQL,POSTGRESQL_shared_buffers_256,8e98ef40-505d-468e-b55a-1bf23db536e0,1977.0,shared_buffers,256.0
PostgreSQL,POSTGRESQL_shared_buffers_1024,6519d8bc-23c4-48a4-9964-5dbee39fac35,1792.0,shared_buffers,1024.0
PostgreSQL,POSTGRESQL_shared_buffers_256,8e98ef40-505d-468e-b55a-1bf23db536e0,2039.0,shared_buffers,256.0
PostgreSQL,POSTGRESQL_shared_buffers_1024,6519d8bc-23c4-48a4-9964-5dbee39fac35,2022.0,shared_buffers,1024.0
PostgreSQL,POSTGRESQL_shared_buffers_256,8e98ef40-505d-468e-b55a-1bf23db536e0,2073.0,shared_buffers,256.0
PostgreSQL,POSTGRESQL_shared_buffers_1024,6519d8bc-23c4-48a4-9964-5dbee39fac35,2044.0,shared_buffers,1024.0
PostgreSQL,POSTGRESQL_shared_buffers_256,8e98ef40-505d-468e-b55a-1bf23db536e0,1802.0,shared_buffers,256.0
PostgreSQL,POSTGRESQL_shared_buffers_1024,6519d8bc-23c4-48a4-9964-5dbee39fac35,1834.0,shared_buffers,1024.0
PostgreSQL,POSTGRESQL_shared_buffers_256,8e98ef40-505d-468e-b55a-1bf23db536e0,2233.0,shared_buffers,256.0
PostgreSQL,POSTGRESQL_shared_buffers_1024,6519d8bc-23c4-48a4-9964-5dbee39fac35,1737.0,shared_buffers,1024.0
PostgreSQL,POSTGRESQL_shared_buffers_256,8e98ef40-505d-468e-b55a-1bf23db536e0,1924.0,shared_buffers,256.0
PostgreSQL,POSTGRESQL_shared_buffers_1024,6519d8bc-23c4-48a4-9964-5dbee39fac35,1540.0,shared_buffers,1024.0
PostgreSQL,POSTGRESQL_shared_buffers_256,8e98ef40-505d-468e-b55a-1bf23db536e0,1606.0,shared_buffers,256.0
PostgreSQL,POSTGRESQL_shared_buffers_1024,6519d8bc-23c4-48a4-9964-5dbee39fac35,1906.0,shared_buffers,1024.0
PostgreSQL,POSTGRESQL_shared_buffers_256,8e98ef40-505d-468e-b55a-1bf23db536e0,1580.0,shared_buffers,256.0
PostgreSQL,POSTGRESQL_shared_buffers_1024,6519d8bc-23c4-48a4-9964-5dbee39fac35,1906.0,shared_buffers,1024.0
PostgreSQL,POSTGRESQL_shared_buffers_256,8e98ef40-505d-468e-b55a-1bf23db536e0,1988.0,shared_buffers,256.0
PostgreSQL,POSTGRESQL_shared_buffers_1024,6519d8bc-23c4-48a4-9964-5dbee39fac35,1880.0,shared_buffers,1024.0
PostgreSQL,POSTGRESQL_shared_buffers_256,8e98ef40-505d-468e-b55a-1bf23db536e0,1798.0,shared_buffers,256.0
PostgreSQL,POSTGRESQL_shared_buffers_1024,6519d8bc-23c4-48a4-9964-5dbee39fac35,1565.0,shared_buffers,1024.0
PostgreSQL,POSTGRESQL_shared_buffers_256,8e98ef40-505d-468e-b55a-1bf23db536e0,1769.0,shared_buffers,256.0
PostgreSQL,POSTGRESQL_shared_buffers_1024,6519d8bc-23c4-48a4-9964-5dbee39fac35,1555.0,shared_buffers,1024.0
PostgreSQL,POSTGRESQL_shared_buffers_256,8e98ef40-505d-468e-b55a-1bf23db536e0,1614.0,shared_buffers,256.0
PostgreSQL,POSTGRESQL_shared_buffers_1024,6519d8bc-23c4-48a4-9964-5dbee39fac35,1671.0,shared_buffers,1024.0
PostgreSQL,POSTGRESQL_shared_buffers_256,8e98ef40-505d-468e-b55a-1bf23db536e0,1929.0,shared_buffers,256.0
PostgreSQL,POSTGRESQL_shared_buffers_1024,6519d8bc-23c4-48a4-9964-5dbee39fac35,1966.0,shared_buffers,1024.0
PostgreSQL,POSTGRESQL_shared_buffers_256,8e98ef40-505d-468e-b55a-1bf23db536e0,1489.0,shared_buffers,256.0
PostgreSQL,POSTGRESQL_shared_buffers_1024,6519d8bc-23c4-48a4-9964-5dbee39fac35,1622.0,shared_buffers,1024.0
PostgreSQL,POSTGRESQL_shared_buffers_256,8e98ef40-505d-468e-b55a-1bf23db536e0,1720.0,shared_buffers,256.0
PostgreSQL,POSTGRESQL_shared_buffers_1024,6519d8bc-23c4-48a4-9964-5dbee39fac35,1775.0,shared_buffers,1024.0
PostgreSQL,POSTGRESQL_shared_buffers_256,8e98ef40-505d-468e-b55a-1bf23db536e0,2229.0,shared_buffers,256.0
PostgreSQL,POSTGRESQL_shared_buffers_1024,6519d8bc-23c4-48a4-9964-5dbee39fac35,1428.0,shared_buffers,1024.0
PostgreSQL,POSTGRESQL_shared_buffers_256,8e98ef40-505d-468e-b55a-1bf23db536e0,1629.0,shared_buffers,256.0
PostgreSQL,POSTGRESQL_shared_buffers_1024,6519d8bc-23c4-48a4-9964-5dbee39fac35,1621.0,shared_buffers,1024.0
PostgreSQL,POSTGRESQL_shared_buffers_256,8e98ef40-505d-468e-b55a-1bf23db536e0,1653.0,shared_buffers,256.0
PostgreSQL,POSTGRESQL_shared_buffers_1024,6519d8bc-23c4-48a4-9964-5dbee39fac35,1889.0,shared_buffers,1024.0
PostgreSQL,POSTGRESQL_shared_buffers_256,8e98ef40-505d-468e-b55a-1bf23db536e0,1666.0,shared_buffers,256.0
PostgreSQL,POSTGRESQL_shared_buffers_1024,6519d8bc-23c4-48a4-9964-5dbee39fac35,2469.0,shared_buffers,1024.0
PostgreSQL,POSTGRESQL_shared_buffers_1024,6519d8bc-23c4-48a4-9964-5dbee39fac35,1596.0,shared_buffers,1024.0
PostgreSQL,POSTGRESQL_shared_buffers_4096,27e22e50-cc2c-4718-9a7d-f879f3909d17,2066.0,shared_buffers,4096.0
PostgreSQL,POSTGRESQL_shared_buffers_4096,27e22e50-cc2c-4718-9a7d-f879f3909d17,1756.0,shared_buffers,4096.0
PostgreSQL,POSTGRESQL_shared_buffers_16384,394ac85a-cdad-4142-82d9-5d1693407ca6,1628.0,shared_buffers,16384.0
PostgreSQL,POSTGRESQL_shared_buffers_4096,27e22e50-cc2c-4718-9a7d-f879f3909d17,2329.0,shared_buffers,4096.0
PostgreSQL,POSTGRESQL_shared_buffers_16384,394ac85a-cdad-4142-82d9-5d1693407ca6,2008.0,shared_buffers,16384.0
PostgreSQL,POSTGRESQL_shared_buffers_4096,27e22e50-cc2c-4718-9a7d-f879f3909d17,1705.0,shared_buffers,4096.0
PostgreSQL,POSTGRESQL_shared_buffers_16384,394ac85a-cdad-4142-82d9-5d1693407ca6,1644.0,shared_buffers,16384.0
PostgreSQL,POSTGRESQL_shared_buffers_4096,27e22e50-cc2c-4718-9a7d-f879f3909d17,1629.0,shared_buffers,4096.0
PostgreSQL,POSTGRESQL_shared_buffers_16384,394ac85a-cdad-4142-82d9-5d1693407ca6,2742.0,shared_buffers,16384.0
PostgreSQL,POSTGRESQL_shared_buffers_4096,27e22e50-cc2c-4718-9a7d-f879f3909d17,1863.0,shared_buffers,4096.0
PostgreSQL,POSTGRESQL_shared_buffers_16384,394ac85a-cdad-4142-82d9-5d1693407ca6,1365.0,shared_buffers,16384.0
PostgreSQL,POSTGRESQL_shared_buffers_4096,27e22e50-cc2c-4718-9a7d-f879f3909d17,2209.0,shared_buffers,4096.0
PostgreSQL,POSTGRESQL_shared_buffers_16384,394ac85a-cdad-4142-82d9-5d1693407ca6,1748.0,shared_buffers,16384.0
PostgreSQL,POSTGRESQL_shared_buffers_4096,27e22e50-cc2c-4718-9a7d-f879f3909d17,2255.0,shared_buffers,4096.0
PostgreSQL,POSTGRESQL_shared_buffers_16384,394ac85a-cdad-4142-82d9-5d1693407ca6,2163.0,shared_buffers,16384.0
PostgreSQL,POSTGRESQL_shared_buffers_4096,27e22e50-cc2c-4718-9a7d-f879f3909d17,2013.0,shared_buffers,4096.0
PostgreSQL,POSTGRESQL_shared_buffers_16384,394ac85a-cdad-4142-82d9-5d1693407ca6,2031.0,shared_buffers,16384.0
PostgreSQL,POSTGRESQL_shared_buffers_4096,27e22e50-cc2c-4718-9a7d-f879f3909d17,1888.0,shared_buffers,4096.0
PostgreSQL,POSTGRESQL_shared_buffers_16384,394ac85a-cdad-4142-82d9-5d1693407ca6,1976.0,shared_buffers,16384.0
PostgreSQL,POSTGRESQL_shared_buffers_4096,27e22e50-cc2c-4718-9a7d-f879f3909d17,1833.0,shared_buffers,4096.0
PostgreSQL,POSTGRESQL_shared_buffers_16384,394ac85a-cdad-4142-82d9-5d1693407ca6,2225.0,shared_buffers,16384.0
PostgreSQL,POSTGRESQL_shared_buffers_4096,27e22e50-cc2c-4718-9a7d-f879f3909d17,1476.0,shared_buffers,4096.0
PostgreSQL,POSTGRESQL_shared_buffers_16384,394ac85a-cdad-4142-82d9-5d1693407ca6,1579.0,shared_buffers,16384.0
PostgreSQL,POSTGRESQL_shared_buffers_4096,27e22e50-cc2c-4718-9a7d-f879f3909d17,2010.0,shared_buffers,4096.0
PostgreSQL,POSTGRESQL_shared_buffers_16384,394ac85a-cdad-4142-82d9-5d1693407ca6,1909.0,shared_buffers,16384.0
PostgreSQL,POSTGRESQL_shared_buffers_4096,27e22e50-cc2c-4718-9a7d-f879f3909d17,2087.0,shared_buffers,4096.0
PostgreSQL,POSTGRESQL_shared_buffers_16384,394ac85a-cdad-4142-82d9-5d1693407ca6,1964.0,shared_buffers,16384.0
PostgreSQL,POSTGRESQL_shared_buffers_4096,27e22e50-cc2c-4718-9a7d-f879f3909d17,1436.0,shared_buffers,4096.0
PostgreSQL,POSTGRESQL_shared_buffers_16384,394ac85a-cdad-4142-82d9-5d1693407ca6,1695.0,shared_buffers,16384.0
PostgreSQL,POSTGRESQL_shared_buffers_4096,27e22e50-cc2c-4718-9a7d-f879f3909d17,1509.0,shared_buffers,4096.0
PostgreSQL,POSTGRESQL_shared_buffers_16384,394ac85a-cdad-4142-82d9-5d1693407ca6,2034.0,shared_buffers,16384.0
PostgreSQL,POSTGRESQL_shared_buffers_4096,27e22e50-cc2c-4718-9a7d-f879f3909d17,1821.0,shared_buffers,4096.0
PostgreSQL,POSTGRESQL_shared_buffers_16384,394ac85a-cdad-4142-82d9-5d1693407ca6,1877.0,shared_buffers,16384.0
PostgreSQL,POSTGRESQL_shared_buffers_4096,27e22e50-cc2c-4718-9a7d-f879f3909d17,2066.0,shared_buffers,4096.0
PostgreSQL,POSTGRESQL_shared_buffers_16384,394ac85a-cdad-4142-82d9-5d1693407ca6,1465.0,shared_buffers,16384.0
PostgreSQL,POSTGRESQL_shared_buffers_4096,27e22e50-cc2c-4718-9a7d-f879f3909d17,1935.0,shared_buffers,4096.0
PostgreSQL,POSTGRESQL_shared_buffers_16384,394ac85a-cdad-4142-82d9-5d1693407ca6,1661.0,shared_buffers,16384.0
PostgreSQL,POSTGRESQL_shared_buffers_4096,27e22e50-cc2c-4718-9a7d-f879f3909d17,1969.0,shared_buffers,4096.0
PostgreSQL,POSTGRESQL_shared_buffers_16384,394ac85a-cdad-4142-82d9-5d1693407ca6,2481.0,shared_buffers,16384.0
PostgreSQL,POSTGRESQL_shared_buffers_16384,394ac85a-cdad-4142-82d9-5d1693407ca6,2340.0,shared_buffers,16384.0
PostgreSQL,POSTGRESQL_shared_buffers_65536,c9d219a3-8ea9-4fe2-b0db-c3d03bd34a75,2352.0,shared_buffers,65536.0
PostgreSQL,POSTGRESQL_shared_buffers_65536,c9d219a3-8ea9-4fe2-b0db-c3d03bd34a75,1708.0,shared_buffers,65536.0
PostgreSQL,POSTGRESQL_shared_buffers_262144,2e51fb2f-865a-4019-be5e-207b777e697d,1729.0,shared_buffers,262144.0
PostgreSQL,POSTGRESQL_shared_buffers_65536,c9d219a3-8ea9-4fe2-b0db-c3d03bd34a75,2473.0,shared_buffers,65536.0
PostgreSQL,POSTGRESQL_shared_buffers_262144,2e51fb2f-865a-4019-be5e-207b777e697d,1506.0,shared_buffers,262144.0
PostgreSQL,POSTGRESQL_shared_buffers_65536,c9d219a3-8ea9-4fe2-b0db-c3d03bd34a75,1669.0,shared_buffers,65536.0
PostgreSQL,POSTGRESQL_shared_buffers_262144,2e51fb2f-865a-4019-be5e-207b777e697d,1700.0,shared_buffers,262144.0
PostgreSQL,POSTGRESQL_shared_buffers_65536,c9d219a3-8ea9-4fe2-b0db-c3d03bd34a75,1572.0,shared_buffers,65536.0
PostgreSQL,POSTGRESQL_shared_buffers_262144,2e51fb2f-865a-4019-be5e-207b777e697d,1858.0,shared_buffers,262144.0
PostgreSQL,POSTGRESQL_shared_buffers_65536,c9d219a3-8ea9-4fe2-b0db-c3d03bd34a75,1627.0,shared_buffers,65536.0
PostgreSQL,POSTGRESQL_shared_buffers_262144,2e51fb2f-865a-4019-be5e-207b777e697d,1780.0,shared_buffers,262144.0
PostgreSQL,POSTGRESQL_shared_buffers_65536,c9d219a3-8ea9-4fe2-b0db-c3d03bd34a75,1836.0,shared_buffers,65536.0
PostgreSQL,POSTGRESQL_shared_buffers_262144,2e51fb2f-865a-4019-be5e-207b777e697d,1983.0,shared_buffers,262144.0
PostgreSQL,POSTGRESQL_shared_buffers_65536,c9d219a3-8ea9-4fe2-b0db-c3d03bd34a75,2719.0,shared_buffers,65536.0
PostgreSQL,POSTGRESQL_shared_buffers_262144,2e51fb2f-865a-4019-be5e-207b777e697d,1785.0,shared_buffers,262144.0
PostgreSQL,POSTGRESQL_shared_buffers_65536,c9d219a3-8ea9-4fe2-b0db-c3d03bd34a75,1305.0,shared_buffers,65536.0
PostgreSQL,POSTGRESQL_shared_buffers_262144,2e51fb2f-865a-4019-be5e-207b777e697d,1891.0,shared_buffers,262144.0
PostgreSQL,POSTGRESQL_shared_buffers_65536,c9d219a3-8ea9-4fe2-b0db-c3d03bd34a75,1554.0,shared_buffers,65536.0
PostgreSQL,POSTGRESQL_shared_buffers_262144,2e51fb2f-865a-4019-be5e-207b777e697d,1988.0,shared_buffers,262144.0
PostgreSQL,POSTGRESQL_shared_buffers_65536,c9d219a3-8ea9-4fe2-b0db-c3d03bd34a75,2163.0,shared_buffers,65536.0
PostgreSQL,POSTGRESQL_shared_buffers_262144,2e51fb2f-865a-4019-be5e-207b777e697d,3982.0,shared_buffers,262144.0
PostgreSQL,POSTGRESQL_shared_buffers_65536,c9d219a3-8ea9-4fe2-b0db-c3d03bd34a75,2633.0,shared_buffers,65536.0
PostgreSQL,POSTGRESQL_shared_buffers_262144,2e51fb2f-865a-4019-be5e-207b777e697d,1404.0,shared_buffers,262144.0
PostgreSQL,POSTGRESQL_shared_buffers_65536,c9d219a3-8ea9-4fe2-b0db-c3d03bd34a75,2960.0,shared_buffers,65536.0
PostgreSQL,POSTGRESQL_shared_buffers_262144,2e51fb2f-865a-4019-be5e-207b777e697d,1764.0,shared_buffers,262144.0
PostgreSQL,POSTGRESQL_shared_buffers_65536,c9d219a3-8ea9-4fe2-b0db-c3d03bd34a75,2056.0,shared_buffers,65536.0
PostgreSQL,POSTGRESQL_shared_buffers_262144,2e51fb2f-865a-4019-be5e-207b777e697d,2218.0,shared_buffers,262144.0
PostgreSQL,POSTGRESQL_shared_buffers_65536,c9d219a3-8ea9-4fe2-b0db-c3d03bd34a75,1400.0,shared_buffers,65536.0
PostgreSQL,POSTGRESQL_shared_buffers_262144,2e51fb2f-865a-4019-be5e-207b777e697d,1715.0,shared_buffers,262144.0
PostgreSQL,POSTGRESQL_shared_buffers_65536,c9d219a3-8ea9-4fe2-b0db-c3d03bd34a75,1710.0,shared_buffers,65536.0
PostgreSQL,POSTGRESQL_shared_buffers_262144,2e51fb2f-865a-4019-be5e-207b777e697d,1940.0,shared_buffers,262144.0
PostgreSQL,POSTGRESQL_shared_buffers_65536,c9d219a3-8ea9-4fe2-b0db-c3d03bd34a75,1483.0,shared_buffers,65536.0
PostgreSQL,POSTGRESQL_shared_buffers_262144,2e51fb2f-865a-4019-be5e-207b777e697d,1633.0,shared_buffers,262144.0
PostgreSQL,POSTGRESQL_shared_buffers_65536,c9d219a3-8ea9-4fe2-b0db-c3d03bd34a75,1808.0,shared_buffers,65536.0
PostgreSQL,POSTGRESQL_shared_buffers_262144,2e51fb2f-865a-4019-be5e-207b777e697d,1737.0,shared_buffers,262144.0
PostgreSQL,POSTGRESQL_shared_buffers_65536,c9d219a3-8ea9-4fe2-b0db-c3d03bd34a75,1965.0,shared_buffers,65536.0
PostgreSQL,POSTGRESQL_shared_buffers_262144,2e51fb2f-865a-4019-be5e-207b777e697d,1900.0,shared_buffers,262144.0
PostgreSQL,POSTGRESQL_shared_buffers_65536,c9d219a3-8ea9-4fe2-b0db-c3d03bd34a75,2565.0,shared_buffers,65536.0
PostgreSQL,POSTGRESQL_shared_buffers_262144,2e51fb2f-865a-4019-be5e-207b777e697d,2861.0,shared_buffers,262144.0
PostgreSQL,POSTGRESQL_shared_buffers_262144,2e51fb2f-865a-4019-be5e-207b777e697d,2152.0,shared_buffers,262144.0
PostgreSQL,"POSTGRESQL_hash_mem_multiplier_1,000000",45c9ff81-6950-4598-bbb2-ba2fc69ea096,1742.0,hash_mem_multiplier,1.0
PostgreSQL,"POSTGRESQL_hash_mem_multiplier_1,000000",45c9ff81-6950-4598-bbb2-ba2fc69ea096,2447.0,hash_mem_multiplier,1.0
PostgreSQL,"POSTGRESQL_hash_mem_multiplier_2,000000",4922cef9-286f-47be-bbfa-3a63497ead38,1969.0,hash_mem_multiplier,2.0
PostgreSQL,"POSTGRESQL_hash_mem_multiplier_1,000000",45c9ff81-6950-4598-bbb2-ba2fc69ea096,1894.0,hash_mem_multiplier,1.0
PostgreSQL,"POSTGRESQL_hash_mem_multiplier_2,000000",4922cef9-286f-47be-bbfa-3a63497ead38,1862.0,hash_mem_multiplier,2.0
PostgreSQL,"POSTGRESQL_hash_mem_multiplier_1,000000",45c9ff81-6950-4598-bbb2-ba2fc69ea096,1427.0,hash_mem_multiplier,1.0
PostgreSQL,"POSTGRESQL_hash_mem_multiplier_2,000000",4922cef9-286f-47be-bbfa-3a63497ead38,1894.0,hash_mem_multiplier,2.0
PostgreSQL,"POSTGRESQL_hash_mem_multiplier_1,000000",45c9ff81-6950-4598-bbb2-ba2fc69ea096,1659.0,hash_mem_multiplier,1.0
PostgreSQL,"POSTGRESQL_hash_mem_multiplier_2,000000",4922cef9-286f-47be-bbfa-3a63497ead38,1486.0,hash_mem_multiplier,2.0
PostgreSQL,"POSTGRESQL_hash_mem_multiplier_1,000000",45c9ff81-6950-4598-bbb2-ba2fc69ea096,1531.0,hash_mem_multiplier,1.0
PostgreSQL,"POSTGRESQL_hash_mem_multiplier_2,000000",4922cef9-286f-47be-bbfa-3a63497ead38,1876.0,hash_mem_multiplier,2.0
PostgreSQL,"POSTGRESQL_hash_mem_multiplier_1,000000",45c9ff81-6950-4598-bbb2-ba2fc69ea096,3117.0,hash_mem_multiplier,1.0
PostgreSQL,"POSTGRESQL_hash_mem_multiplier_2,000000",4922cef9-286f-47be-bbfa-3a63497ead38,2050.0,hash_mem_multiplier,2.0
PostgreSQL,"POSTGRESQL_hash_mem_multiplier_1,000000",45c9ff81-6950-4598-bbb2-ba2fc69ea096,1864.0,hash_mem_multiplier,1.0
PostgreSQL,"POSTGRESQL_hash_mem_multiplier_2,000000",4922cef9-286f-47be-bbfa-3a63497ead38,1462.0,hash_mem_multiplier,2.0
PostgreSQL,"POSTGRESQL_hash_mem_multiplier_1,000000",45c9ff81-6950-4598-bbb2-ba2fc69ea096,1350.0,hash_mem_multiplier,1.0
PostgreSQL,"POSTGRESQL_hash_mem_multiplier_2,000000",4922cef9-286f-47be-bbfa-3a63497ead38,1531.0,hash_mem_multiplier,2.0
PostgreSQL,"POSTGRESQL_hash_mem_multiplier_1,000000",45c9ff81-6950-4598-bbb2-ba2fc69ea096,1558.0,hash_mem_multiplier,1.0
PostgreSQL,"POSTGRESQL_hash_mem_multiplier_2,000000",4922cef9-286f-47be-bbfa-3a63497ead38,1871.0,hash_mem_multiplier,2.0
PostgreSQL,"POSTGRESQL_hash_mem_multiplier_1,000000",45c9ff81-6950-4598-bbb2-ba2fc69ea096,1976.0,hash_mem_multiplier,1.0
PostgreSQL,"POSTGRESQL_hash_mem_multiplier_2,000000",4922cef9-286f-47be-bbfa-3a63497ead38,1794.0,hash_mem_multiplier,2.0
PostgreSQL,"POSTGRESQL_hash_mem_multiplier_1,000000",45c9ff81-6950-4598-bbb2-ba2fc69ea096,2649.0,hash_mem_multiplier,1.0
PostgreSQL,"POSTGRESQL_hash_mem_multiplier_2,000000",4922cef9-286f-47be-bbfa-3a63497ead38,1564.0,hash_mem_multiplier,2.0
PostgreSQL,"POSTGRESQL_hash_mem_multiplier_1,000000",45c9ff81-6950-4598-bbb2-ba2fc69ea096,2467.0,hash_mem_multiplier,1.0
PostgreSQL,"POSTGRESQL_hash_mem_multiplier_2,000000",4922cef9-286f-47be-bbfa-3a63497ead38,1804.0,hash_mem_multiplier,2.0
PostgreSQL,"POSTGRESQL_hash_mem_multiplier_1,000000",45c9ff81-6950-4598-bbb2-ba2fc69ea096,1970.0,hash_mem_multiplier,1.0
PostgreSQL,"POSTGRESQL_hash_mem_multiplier_2,000000",4922cef9-286f-47be-bbfa-3a63497ead38,1640.0,hash_mem_multiplier,2.0
PostgreSQL,"POSTGRESQL_hash_mem_multiplier_1,000000",45c9ff81-6950-4598-bbb2-ba2fc69ea096,1763.0,hash_mem_multiplier,1.0
PostgreSQL,"POSTGRESQL_hash_mem_multiplier_2,000000",4922cef9-286f-47be-bbfa-3a63497ead38,1689.0,hash_mem_multiplier,2.0
PostgreSQL,"POSTGRESQL_hash_mem_multiplier_1,000000",45c9ff81-6950-4598-bbb2-ba2fc69ea096,1758.0,hash_mem_multiplier,1.0
PostgreSQL,"POSTGRESQL_hash_mem_multiplier_2,000000",4922cef9-286f-47be-bbfa-3a63497ead38,2056.0,hash_mem_multiplier,2.0
PostgreSQL,"POSTGRESQL_hash_mem_multiplier_1,000000",45c9ff81-6950-4598-bbb2-ba2fc69ea096,2245.0,hash_mem_multiplier,1.0
PostgreSQL,"POSTGRESQL_hash_mem_multiplier_2,000000",4922cef9-286f-47be-bbfa-3a63497ead38,2138.0,hash_mem_multiplier,2.0
PostgreSQL,"POSTGRESQL_hash_mem_multiplier_1,000000",45c9ff81-6950-4598-bbb2-ba2fc69ea096,1815.0,hash_mem_multiplier,1.0
PostgreSQL,"POSTGRESQL_hash_mem_multiplier_2,000000",4922cef9-286f-47be-bbfa-3a63497ead38,1836.0,hash_mem_multiplier,2.0
PostgreSQL,"POSTGRESQL_hash_mem_multiplier_1,000000",45c9ff81-6950-4598-bbb2-ba2fc69ea096,2033.0,hash_mem_multiplier,1.0
PostgreSQL,"POSTGRESQL_hash_mem_multiplier_2,000000",4922cef9-286f-47be-bbfa-3a63497ead38,1862.0,hash_mem_multiplier,2.0
PostgreSQL,"POSTGRESQL_hash_mem_multiplier_1,000000",45c9ff81-6950-4598-bbb2-ba2fc69ea096,2168.0,hash_mem_multiplier,1.0
PostgreSQL,"POSTGRESQL_hash_mem_multiplier_2,000000",4922cef9-286f-47be-bbfa-3a63497ead38,2521.0,hash_mem_multiplier,2.0
PostgreSQL,"POSTGRESQL_hash_mem_multiplier_2,000000",4922cef9-286f-47be-bbfa-3a63497ead38,1872.0,hash_mem_multiplier,2.0
PostgreSQL,"POSTGRESQL_hash_mem_multiplier_5,000000",201218b8-4141-4f6c-8c04-2fcde73312ac,2169.0,hash_mem_multiplier,5.0
PostgreSQL,"POSTGRESQL_hash_mem_multiplier_5,000000",201218b8-4141-4f6c-8c04-2fcde73312ac,2769.0,hash_mem_multiplier,5.0
PostgreSQL,"POSTGRESQL_hash_mem_multiplier_5,000000",201218b8-4141-4f6c-8c04-2fcde73312ac,4099.0,hash_mem_multiplier,5.0
PostgreSQL,"POSTGRESQL_hash_mem_multiplier_5,000000",201218b8-4141-4f6c-8c04-2fcde73312ac,2348.0,hash_mem_multiplier,5.0
PostgreSQL,"POSTGRESQL_hash_mem_multiplier_5,000000",201218b8-4141-4f6c-8c04-2fcde73312ac,3407.0,hash_mem_multiplier,5.0
PostgreSQL,"POSTGRESQL_hash_mem_multiplier_5,000000",201218b8-4141-4f6c-8c04-2fcde73312ac,1542.0,hash_mem_multiplier,5.0
PostgreSQL,"POSTGRESQL_hash_mem_multiplier_5,000000",201218b8-4141-4f6c-8c04-2fcde73312ac,1373.0,hash_mem_multiplier,5.0
PostgreSQL,"POSTGRESQL_hash_mem_multiplier_5,000000",201218b8-4141-4f6c-8c04-2fcde73312ac,2131.0,hash_mem_multiplier,5.0
PostgreSQL,"POSTGRESQL_hash_mem_multiplier_10,000000",33c401af-4d31-4556-8ba0-b88779a7f4bb,2406.0,hash_mem_multiplier,10.0
PostgreSQL,"POSTGRESQL_hash_mem_multiplier_5,000000",201218b8-4141-4f6c-8c04-2fcde73312ac,2064.0,hash_mem_multiplier,5.0
PostgreSQL,"POSTGRESQL_hash_mem_multiplier_10,000000",33c401af-4d31-4556-8ba0-b88779a7f4bb,2116.0,hash_mem_multiplier,10.0
PostgreSQL,"POSTGRESQL_hash_mem_multiplier_5,000000",201218b8-4141-4f6c-8c04-2fcde73312ac,1891.0,hash_mem_multiplier,5.0
PostgreSQL,"POSTGRESQL_hash_mem_multiplier_10,000000",33c401af-4d31-4556-8ba0-b88779a7f4bb,2230.0,hash_mem_multiplier,10.0
PostgreSQL,"POSTGRESQL_hash_mem_multiplier_5,000000",201218b8-4141-4f6c-8c04-2fcde73312ac,2024.0,hash_mem_multiplier,5.0
PostgreSQL,"POSTGRESQL_hash_mem_multiplier_10,000000",33c401af-4d31-4556-8ba0-b88779a7f4bb,2151.0,hash_mem_multiplier,10.0
PostgreSQL,"POSTGRESQL_hash_mem_multiplier_5,000000",201218b8-4141-4f6c-8c04-2fcde73312ac,1858.0,hash_mem_multiplier,5.0
PostgreSQL,"POSTGRESQL_hash_mem_multiplier_10,000000",33c401af-4d31-4556-8ba0-b88779a7f4bb,2085.0,hash_mem_multiplier,10.0
PostgreSQL,"POSTGRESQL_hash_mem_multiplier_5,000000",201218b8-4141-4f6c-8c04-2fcde73312ac,2093.0,hash_mem_multiplier,5.0
PostgreSQL,"POSTGRESQL_hash_mem_multiplier_10,000000",33c401af-4d31-4556-8ba0-b88779a7f4bb,1726.0,hash_mem_multiplier,10.0
PostgreSQL,"POSTGRESQL_hash_mem_multiplier_5,000000",201218b8-4141-4f6c-8c04-2fcde73312ac,1905.0,hash_mem_multiplier,5.0
PostgreSQL,"POSTGRESQL_hash_mem_multiplier_10,000000",33c401af-4d31-4556-8ba0-b88779a7f4bb,2157.0,hash_mem_multiplier,10.0
PostgreSQL,"POSTGRESQL_hash_mem_multiplier_5,000000",201218b8-4141-4f6c-8c04-2fcde73312ac,1465.0,hash_mem_multiplier,5.0
PostgreSQL,"POSTGRESQL_hash_mem_multiplier_10,000000",33c401af-4d31-4556-8ba0-b88779a7f4bb,2260.0,hash_mem_multiplier,10.0
PostgreSQL,"POSTGRESQL_hash_mem_multiplier_5,000000",201218b8-4141-4f6c-8c04-2fcde73312ac,1542.0,hash_mem_multiplier,5.0
PostgreSQL,"POSTGRESQL_hash_mem_multiplier_10,000000",33c401af-4d31-4556-8ba0-b88779a7f4bb,1642.0,hash_mem_multiplier,10.0
PostgreSQL,"POSTGRESQL_hash_mem_multiplier_5,000000",201218b8-4141-4f6c-8c04-2fcde73312ac,3044.0,hash_mem_multiplier,5.0
PostgreSQL,"POSTGRESQL_hash_mem_multiplier_10,000000",33c401af-4d31-4556-8ba0-b88779a7f4bb,1829.0,hash_mem_multiplier,10.0
PostgreSQL,"POSTGRESQL_hash_mem_multiplier_5,000000",201218b8-4141-4f6c-8c04-2fcde73312ac,2704.0,hash_mem_multiplier,5.0
PostgreSQL,"POSTGRESQL_hash_mem_multiplier_10,000000",33c401af-4d31-4556-8ba0-b88779a7f4bb,1914.0,hash_mem_multiplier,10.0
PostgreSQL,"POSTGRESQL_hash_mem_multiplier_5,000000",201218b8-4141-4f6c-8c04-2fcde73312ac,2050.0,hash_mem_multiplier,5.0
PostgreSQL,"POSTGRESQL_hash_mem_multiplier_10,000000",33c401af-4d31-4556-8ba0-b88779a7f4bb,2754.0,hash_mem_multiplier,10.0
PostgreSQL,"POSTGRESQL_hash_mem_multiplier_5,000000",201218b8-4141-4f6c-8c04-2fcde73312ac,1882.0,hash_mem_multiplier,5.0
PostgreSQL,"POSTGRESQL_hash_mem_multiplier_10,000000",33c401af-4d31-4556-8ba0-b88779a7f4bb,3403.0,hash_mem_multiplier,10.0
PostgreSQL,"POSTGRESQL_hash_mem_multiplier_10,000000",33c401af-4d31-4556-8ba0-b88779a7f4bb,2652.0,hash_mem_multiplier,10.0
PostgreSQL,"POSTGRESQL_hash_mem_multiplier_10,000000",33c401af-4d31-4556-8ba0-b88779a7f4bb,2541.0,hash_mem_multiplier,10.0
PostgreSQL,"POSTGRESQL_hash_mem_multiplier_20,000000",8206a2ac-1c68-4457-a330-8d53bc7f6d11,1521.0,hash_mem_multiplier,20.0
PostgreSQL,"POSTGRESQL_hash_mem_multiplier_10,000000",33c401af-4d31-4556-8ba0-b88779a7f4bb,1879.0,hash_mem_multiplier,10.0
PostgreSQL,"POSTGRESQL_hash_mem_multiplier_20,000000",8206a2ac-1c68-4457-a330-8d53bc7f6d11,2108.0,hash_mem_multiplier,20.0
PostgreSQL,"POSTGRESQL_hash_mem_multiplier_10,000000",33c401af-4d31-4556-8ba0-b88779a7f4bb,1418.0,hash_mem_multiplier,10.0
PostgreSQL,"POSTGRESQL_hash_mem_multiplier_20,000000",8206a2ac-1c68-4457-a330-8d53bc7f6d11,2737.0,hash_mem_multiplier,20.0
PostgreSQL,"POSTGRESQL_hash_mem_multiplier_10,000000",33c401af-4d31-4556-8ba0-b88779a7f4bb,1749.0,hash_mem_multiplier,10.0
PostgreSQL,"POSTGRESQL_hash_mem_multiplier_20,000000",8206a2ac-1c68-4457-a330-8d53bc7f6d11,1607.0,hash_mem_multiplier,20.0
PostgreSQL,"POSTGRESQL_hash_mem_multiplier_10,000000",33c401af-4d31-4556-8ba0-b88779a7f4bb,1933.0,hash_mem_multiplier,10.0
PostgreSQL,"POSTGRESQL_hash_mem_multiplier_20,000000",8206a2ac-1c68-4457-a330-8d53bc7f6d11,1627.0,hash_mem_multiplier,20.0
PostgreSQL,"POSTGRESQL_hash_mem_multiplier_10,000000",33c401af-4d31-4556-8ba0-b88779a7f4bb,1999.0,hash_mem_multiplier,10.0
PostgreSQL,"POSTGRESQL_hash_mem_multiplier_20,000000",8206a2ac-1c68-4457-a330-8d53bc7f6d11,1691.0,hash_mem_multiplier,20.0
PostgreSQL,"POSTGRESQL_hash_mem_multiplier_20,000000",8206a2ac-1c68-4457-a330-8d53bc7f6d11,1679.0,hash_mem_multiplier,20.0
PostgreSQL,"POSTGRESQL_hash_mem_multiplier_20,000000",8206a2ac-1c68-4457-a330-8d53bc7f6d11,2146.0,hash_mem_multiplier,20.0
PostgreSQL,"POSTGRESQL_hash_mem_multiplier_20,000000",8206a2ac-1c68-4457-a330-8d53bc7f6d11,1855.0,hash_mem_multiplier,20.0
PostgreSQL,"POSTGRESQL_hash_mem_multiplier_20,000000",8206a2ac-1c68-4457-a330-8d53bc7f6d11,1926.0,hash_mem_multiplier,20.0
PostgreSQL,"POSTGRESQL_hash_mem_multiplier_20,000000",8206a2ac-1c68-4457-a330-8d53bc7f6d11,1875.0,hash_mem_multiplier,20.0
PostgreSQL,"POSTGRESQL_hash_mem_multiplier_20,000000",8206a2ac-1c68-4457-a330-8d53bc7f6d11,2255.0,hash_mem_multiplier,20.0
PostgreSQL,"POSTGRESQL_hash_mem_multiplier_20,000000",8206a2ac-1c68-4457-a330-8d53bc7f6d11,1974.0,hash_mem_multiplier,20.0
PostgreSQL,"POSTGRESQL_hash_mem_multiplier_20,000000",8206a2ac-1c68-4457-a330-8d53bc7f6d11,1649.0,hash_mem_multiplier,20.0
PostgreSQL,"POSTGRESQL_hash_mem_multiplier_20,000000",8206a2ac-1c68-4457-a330-8d53bc7f6d11,1624.0,hash_mem_multiplier,20.0
PostgreSQL,"POSTGRESQL_hash_mem_multiplier_20,000000",8206a2ac-1c68-4457-a330-8d53bc7f6d11,1623.0,hash_mem_multiplier,20.0
PostgreSQL,"POSTGRESQL_hash_mem_multiplier_20,000000",8206a2ac-1c68-4457-a330-8d53bc7f6d11,2097.0,hash_mem_multiplier,20.0
PostgreSQL,"POSTGRESQL_hash_mem_multiplier_20,000000",8206a2ac-1c68-4457-a330-8d53bc7f6d11,1863.0,hash_mem_multiplier,20.0
PostgreSQL,"POSTGRESQL_hash_mem_multiplier_20,000000",8206a2ac-1c68-4457-a330-8d53bc7f6d11,1646.0,hash_mem_multiplier,20.0
PostgreSQL,"POSTGRESQL_hash_mem_multiplier_20,000000",8206a2ac-1c68-4457-a330-8d53bc7f6d11,1768.0,hash_mem_multiplier,20.0
